instance_id,n,algorithm,clustering_method,num_clusters,iterations,seed,reference_type,reference_length,solution_length,relative_to_reference,compute_seconds,valid_tour
0,1000,clustered_sa,greedy,16,32000,101,,,44.04039243355701,,0.12135016000047472,True
0,1000,clustered_sa,kmeans,16,32000,101,,,41.27336789123133,,0.20926644100018166,True
0,1000,clustered_sa,hierarchical,16,32000,101,,,42.19290043191771,,0.1548920770001132,True
0,1000,clustered_sa,spectral,16,32000,101,,,41.209749131903735,,0.3467874200005099,True
0,1000,clustered_sa,greedy,22,32000,101,,,39.199768712172,,0.12130458899991936,True
0,1000,clustered_sa,kmeans,22,32000,101,,,37.12936877338096,,0.21461038699999335,True
0,1000,clustered_sa,hierarchical,22,32000,101,,,37.83856891921209,,0.14231410399952438,True
0,1000,clustered_sa,spectral,22,32000,101,,,37.44829470998338,,0.32782377200055635,True
0,1000,clustered_sa,greedy,32,32000,101,,,35.85015787824571,,0.14396798800044053,True
0,1000,clustered_sa,kmeans,32,32000,101,,,34.500471135121316,,0.23567805600032443,True
0,1000,clustered_sa,hierarchical,32,32000,101,,,33.88424746454439,,0.13870483600021544,True
0,1000,clustered_sa,spectral,32,32000,101,,,34.62559014982094,,0.34901768899999297,True
0,1000,clustered_sa,greedy,44,32000,101,,,34.438005940861856,,0.14223929299987503,True
0,1000,clustered_sa,kmeans,44,32000,101,,,32.88545856713418,,0.20990543900006742,True
0,1000,clustered_sa,hierarchical,44,32000,101,,,31.879319763461737,,0.14064774600046803,True
0,1000,clustered_sa,spectral,44,32000,101,,,32.47130166938809,,0.41388591500071925,True
0,1000,clustered_sa,greedy,64,32000,101,,,32.59181852093613,,0.13894564699967304,True
0,1000,clustered_sa,kmeans,64,32000,101,,,31.72324538815005,,0.34091015299964056,True
0,1000,clustered_sa,hierarchical,64,32000,101,,,31.449576684977558,,0.14552255299986427,True
0,1000,clustered_sa,spectral,64,32000,101,,,31.956173590551593,,0.5079875930005073,True
1,1000,clustered_sa,greedy,16,32000,202,,,44.393542973876556,,0.13565991999985272,True
1,1000,clustered_sa,kmeans,16,32000,202,,,41.09116280733524,,0.23383993500010547,True
1,1000,clustered_sa,hierarchical,16,32000,202,,,41.05993463786898,,0.1303443150000021,True
1,1000,clustered_sa,spectral,16,32000,202,,,42.42885478961411,,0.366175308999118,True
1,1000,clustered_sa,greedy,22,32000,202,,,39.51326722420987,,0.12226923399975931,True
1,1000,clustered_sa,kmeans,22,32000,202,,,36.825981340861404,,0.22711648899985448,True
1,1000,clustered_sa,hierarchical,22,32000,202,,,36.94248609770213,,0.1398838759996579,True
1,1000,clustered_sa,spectral,22,32000,202,,,37.4604174562547,,0.33171176700034266,True
1,1000,clustered_sa,greedy,32,32000,202,,,35.88585754837101,,0.13273127899992687,True
1,1000,clustered_sa,kmeans,32,32000,202,,,33.603356855725686,,0.20852760199977638,True
1,1000,clustered_sa,hierarchical,32,32000,202,,,33.446170925584084,,0.1558788629999981,True
1,1000,clustered_sa,spectral,32,32000,202,,,34.39092165687063,,0.3800735619997795,True
1,1000,clustered_sa,greedy,44,32000,202,,,34.419741189655234,,0.12971043699963047,True
1,1000,clustered_sa,kmeans,44,32000,202,,,32.18594395314715,,0.3302648369999588,True
1,1000,clustered_sa,hierarchical,44,32000,202,,,32.447205679253976,,0.152032269999836,True
1,1000,clustered_sa,spectral,44,32000,202,,,32.61810353693695,,0.4100071430002572,True
1,1000,clustered_sa,greedy,64,32000,202,,,33.33871016743075,,0.14139530700049363,True
1,1000,clustered_sa,kmeans,64,32000,202,,,32.099819693820464,,0.22596418100056326,True
1,1000,clustered_sa,hierarchical,64,32000,202,,,32.17331846500779,,0.14973177799947734,True
1,1000,clustered_sa,spectral,64,32000,202,,,31.758065006759445,,0.47087168999951245,True
2,1000,clustered_sa,greedy,16,32000,303,,,43.04963849505842,,0.1185277810000116,True
2,1000,clustered_sa,kmeans,16,32000,303,,,40.880489719788066,,0.19937505399957445,True
2,1000,clustered_sa,hierarchical,16,32000,303,,,41.6272445229266,,0.1344724260006842,True
2,1000,clustered_sa,spectral,16,32000,303,,,41.179098608312565,,0.3973433880000812,True
2,1000,clustered_sa,greedy,22,32000,303,,,39.548188987463575,,0.13504367400037154,True
2,1000,clustered_sa,kmeans,22,32000,303,,,36.286876885257946,,0.1937485669996022,True
2,1000,clustered_sa,hierarchical,22,32000,303,,,37.15657834194592,,0.14425490600024204,True
2,1000,clustered_sa,spectral,22,32000,303,,,37.522684030966175,,0.4000727669999833,True
2,1000,clustered_sa,greedy,32,32000,303,,,35.99144973681097,,0.14736427100069704,True
2,1000,clustered_sa,kmeans,32,32000,303,,,33.89550652961471,,0.19627789999958623,True
2,1000,clustered_sa,hierarchical,32,32000,303,,,33.46406148643939,,0.16964459999962855,True
2,1000,clustered_sa,spectral,32,32000,303,,,34.784072348658526,,0.39388599500034616,True
2,1000,clustered_sa,greedy,44,32000,303,,,33.885831473459945,,0.1324651590002759,True
2,1000,clustered_sa,kmeans,44,32000,303,,,31.740376915063557,,0.17839468700003636,True
2,1000,clustered_sa,hierarchical,44,32000,303,,,31.5176064159556,,0.15862109400040936,True
2,1000,clustered_sa,spectral,44,32000,303,,,32.0639847856263,,0.3609149499998239,True
2,1000,clustered_sa,greedy,64,32000,303,,,33.30672129340144,,0.1440127300002132,True
2,1000,clustered_sa,kmeans,64,32000,303,,,31.673070047251933,,0.21004794599957677,True
2,1000,clustered_sa,hierarchical,64,32000,303,,,31.13761196805784,,0.15055116700023063,True
2,1000,clustered_sa,spectral,64,32000,303,,,31.60384273117007,,0.40856917899964174,True
3,1000,clustered_sa,greedy,16,32000,404,,,43.80907617676503,,0.12121846999980335,True
3,1000,clustered_sa,kmeans,16,32000,404,,,40.27740590004175,,0.17346722500042233,True
3,1000,clustered_sa,hierarchical,16,32000,404,,,41.831150228337215,,0.14612218700040103,True
3,1000,clustered_sa,spectral,16,32000,404,,,40.71277184696382,,0.3544343650000883,True
3,1000,clustered_sa,greedy,22,32000,404,,,39.8131667041192,,0.14543371000036132,True
3,1000,clustered_sa,kmeans,22,32000,404,,,36.902598728672714,,0.19697544400059996,True
3,1000,clustered_sa,hierarchical,22,32000,404,,,36.646823732399724,,0.1718362530000377,True
3,1000,clustered_sa,spectral,22,32000,404,,,36.93650546582642,,0.39816511000026367,True
3,1000,clustered_sa,greedy,32,32000,404,,,35.26309006635754,,0.14428243800011842,True
3,1000,clustered_sa,kmeans,32,32000,404,,,33.88660601721638,,0.17376949099980266,True
3,1000,clustered_sa,hierarchical,32,32000,404,,,33.59178974087111,,0.1507622890003404,True
3,1000,clustered_sa,spectral,32,32000,404,,,33.92230190350972,,0.3765060559999256,True
3,1000,clustered_sa,greedy,44,32000,404,,,34.442000216438906,,0.1291281979993073,True
3,1000,clustered_sa,kmeans,44,32000,404,,,31.89060649189893,,0.2235681719994318,True
3,1000,clustered_sa,hierarchical,44,32000,404,,,32.228895199310706,,0.13916840099955152,True
3,1000,clustered_sa,spectral,44,32000,404,,,33.07883519378269,,0.41911626599994634,True
3,1000,clustered_sa,greedy,64,32000,404,,,34.08420890387726,,0.13920531200074038,True
3,1000,clustered_sa,kmeans,64,32000,404,,,32.09896720789566,,0.28179629199985357,True
3,1000,clustered_sa,hierarchical,64,32000,404,,,31.722797580288383,,0.14755549200071982,True
3,1000,clustered_sa,spectral,64,32000,404,,,31.374015773561055,,0.49623086500014324,True
4,1000,clustered_sa,greedy,16,32000,505,,,46.10312744112554,,0.12163144899932377,True
4,1000,clustered_sa,kmeans,16,32000,505,,,40.692010693260556,,0.1571429639998314,True
4,1000,clustered_sa,hierarchical,16,32000,505,,,41.61977240826778,,0.13646785000037198,True
4,1000,clustered_sa,spectral,16,32000,505,,,42.3293891985673,,0.35811816999921575,True
4,1000,clustered_sa,greedy,22,32000,505,,,39.475825012737786,,0.13463907999994262,True
4,1000,clustered_sa,kmeans,22,32000,505,,,37.108686933009935,,0.19312718499986659,True
4,1000,clustered_sa,hierarchical,22,32000,505,,,37.07114603798958,,0.13868431399987458,True
4,1000,clustered_sa,spectral,22,32000,505,,,37.816017718921756,,0.3423299549995136,True
4,1000,clustered_sa,greedy,32,32000,505,,,36.172247592775165,,0.1370059399996535,True
4,1000,clustered_sa,kmeans,32,32000,505,,,33.565498522536046,,0.23084222600027715,True
4,1000,clustered_sa,hierarchical,32,32000,505,,,34.17168305179132,,0.13693413599958149,True
4,1000,clustered_sa,spectral,32,32000,505,,,34.59235242191457,,0.3904387129996394,True
4,1000,clustered_sa,greedy,44,32000,505,,,33.86061989134656,,0.12881047399969248,True
4,1000,clustered_sa,kmeans,44,32000,505,,,32.59059139354339,,0.25192338199940423,True
4,1000,clustered_sa,hierarchical,44,32000,505,,,31.655572802262018,,0.1465065170004891,True
4,1000,clustered_sa,spectral,44,32000,505,,,32.83482635287009,,0.38461275699955877,True
4,1000,clustered_sa,greedy,64,32000,505,,,32.7809513490467,,0.13859319499988487,True
4,1000,clustered_sa,kmeans,64,32000,505,,,32.17222061350529,,0.27756751099968824,True
4,1000,clustered_sa,hierarchical,64,32000,505,,,31.28186140653686,,0.16362257599939767,True
4,1000,clustered_sa,spectral,64,32000,505,,,31.506887258183056,,0.43577836900021794,True
5,1000,clustered_sa,greedy,16,32000,606,,,42.22599513861868,,0.1191217109999343,True
5,1000,clustered_sa,kmeans,16,32000,606,,,40.09046608073886,,0.17659879500024545,True
5,1000,clustered_sa,hierarchical,16,32000,606,,,40.97349110557008,,0.13976909899974999,True
5,1000,clustered_sa,spectral,16,32000,606,,,41.643247389017546,,0.335012464999636,True
5,1000,clustered_sa,greedy,22,32000,606,,,38.22602656422784,,0.12173342699952627,True
5,1000,clustered_sa,kmeans,22,32000,606,,,36.97565987382742,,0.18174085300051956,True
5,1000,clustered_sa,hierarchical,22,32000,606,,,36.182681276344944,,0.13484707299994625,True
5,1000,clustered_sa,spectral,22,32000,606,,,36.99841854997686,,0.356297760000416,True
5,1000,clustered_sa,greedy,32,32000,606,,,34.86735673300622,,0.12792489500043303,True
5,1000,clustered_sa,kmeans,32,32000,606,,,33.08005154122078,,0.18668573800005106,True
5,1000,clustered_sa,hierarchical,32,32000,606,,,33.41556614829358,,0.14128854900081933,True
5,1000,clustered_sa,spectral,32,32000,606,,,34.469280621050466,,0.40009722499962663,True
5,1000,clustered_sa,greedy,44,32000,606,,,32.75999416551213,,0.145523341999251,True
5,1000,clustered_sa,kmeans,44,32000,606,,,31.493886438827317,,0.2132707010005106,True
5,1000,clustered_sa,hierarchical,44,32000,606,,,31.657928559971968,,0.13797867599987512,True
5,1000,clustered_sa,spectral,44,32000,606,,,32.52818161161485,,0.3831082469996545,True
5,1000,clustered_sa,greedy,64,32000,606,,,32.27643585101431,,0.15056942000046547,True
5,1000,clustered_sa,kmeans,64,32000,606,,,30.8786634262169,,0.26804222999999183,True
5,1000,clustered_sa,hierarchical,64,32000,606,,,30.826310430005368,,0.14527307899970765,True
5,1000,clustered_sa,spectral,64,32000,606,,,31.770484543568145,,0.4185803480004324,True
6,1000,clustered_sa,greedy,16,32000,707,,,44.933871140961635,,0.1318193289998817,True
6,1000,clustered_sa,kmeans,16,32000,707,,,41.37162513217287,,0.17662922799991065,True
6,1000,clustered_sa,hierarchical,16,32000,707,,,41.23048922362481,,0.13998505199924693,True
6,1000,clustered_sa,spectral,16,32000,707,,,41.580631452486905,,0.36427627000011853,True
6,1000,clustered_sa,greedy,22,32000,707,,,40.25223282482924,,0.12365360200055875,True
6,1000,clustered_sa,kmeans,22,32000,707,,,37.369330513462785,,0.210937754999577,True
6,1000,clustered_sa,hierarchical,22,32000,707,,,37.635571980530074,,0.14842222700008278,True
6,1000,clustered_sa,spectral,22,32000,707,,,36.8997714863561,,0.3377588189996459,True
6,1000,clustered_sa,greedy,32,32000,707,,,37.21727419949062,,0.12875583599998208,True
6,1000,clustered_sa,kmeans,32,32000,707,,,33.89547185295085,,0.2181729820003966,True
6,1000,clustered_sa,hierarchical,32,32000,707,,,34.136400622627875,,0.17591456399986782,True
6,1000,clustered_sa,spectral,32,32000,707,,,34.7466368319518,,0.44205295699975977,True
6,1000,clustered_sa,greedy,44,32000,707,,,35.02787773981018,,0.15784065599928,True
6,1000,clustered_sa,kmeans,44,32000,707,,,32.311345293352986,,0.21419690400034597,True
6,1000,clustered_sa,hierarchical,44,32000,707,,,31.540619248785,,0.17847517000063817,True
6,1000,clustered_sa,spectral,44,32000,707,,,32.062369674562675,,0.3896793270005219,True
6,1000,clustered_sa,greedy,64,32000,707,,,33.763412600319306,,0.15497490300003847,True
6,1000,clustered_sa,kmeans,64,32000,707,,,31.89491501036254,,0.2134707779996461,True
6,1000,clustered_sa,hierarchical,64,32000,707,,,31.723090702107868,,0.14921115299966914,True
6,1000,clustered_sa,spectral,64,32000,707,,,32.97833431387654,,0.4356901229994037,True
7,1000,clustered_sa,greedy,16,32000,808,,,42.964182180363316,,0.13671317100033775,True
7,1000,clustered_sa,kmeans,16,32000,808,,,40.16944932841101,,0.16438736800046172,True
7,1000,clustered_sa,hierarchical,16,32000,808,,,40.735051680329576,,0.13323988199954329,True
7,1000,clustered_sa,spectral,16,32000,808,,,41.32376743407683,,0.3417957629999364,True
7,1000,clustered_sa,greedy,22,32000,808,,,39.240944414182195,,0.12075790499966388,True
7,1000,clustered_sa,kmeans,22,32000,808,,,37.01896307296529,,0.1639048869992621,True
7,1000,clustered_sa,hierarchical,22,32000,808,,,37.495248361437156,,0.1504498220001551,True
7,1000,clustered_sa,spectral,22,32000,808,,,37.86263926709615,,0.3756809599999542,True
7,1000,clustered_sa,greedy,32,32000,808,,,35.036379930241814,,0.1369122600008268,True
7,1000,clustered_sa,kmeans,32,32000,808,,,33.94899413244687,,0.18462670699955197,True
7,1000,clustered_sa,hierarchical,32,32000,808,,,33.59413639582233,,0.13461528799962252,True
7,1000,clustered_sa,spectral,32,32000,808,,,34.947292212272366,,0.3517842350001956,True
7,1000,clustered_sa,greedy,44,32000,808,,,33.60488966024672,,0.1320028199997978,True
7,1000,clustered_sa,kmeans,44,32000,808,,,31.87221647240741,,0.20894207800029108,True
7,1000,clustered_sa,hierarchical,44,32000,808,,,31.492838223674166,,0.1422636209999837,True
7,1000,clustered_sa,spectral,44,32000,808,,,32.503618527789484,,0.36619835599958606,True
7,1000,clustered_sa,greedy,64,32000,808,,,33.42367920954977,,0.141001592000066,True
7,1000,clustered_sa,kmeans,64,32000,808,,,31.569288936129023,,0.2601119529999778,True
7,1000,clustered_sa,hierarchical,64,32000,808,,,31.654149758980704,,0.1521177530003115,True
7,1000,clustered_sa,spectral,64,32000,808,,,31.935994640054176,,0.6530708700001924,True
